fund_house,quarter,aum_lakh_crore,num_schemes
SBI MF,2022Q1,6.29,299
SBI MF,2022Q2,5.82,114
SBI MF,2022Q3,6.34,232
SBI MF,2022Q4,6.88,168
SBI MF,2023Q1,7.33,246
SBI MF,2023Q2,7.95,148
SBI MF,2023Q3,8.25,263
SBI MF,2023Q4,8.54,156
SBI MF,2024Q1,9.07,257
SBI MF,2024Q2,9.68,166
SBI MF,2024Q3,10.49,250
SBI MF,2024Q4,10.52,213
SBI MF,2025Q1,11.33,58
SBI MF,2025Q2,11.25,191
SBI MF,2025Q3,11.24,123
SBI MF,2025Q4,12.47,71
ICICI Pru MF,2022Q1,4.62,84
ICICI Pru MF,2022Q2,5.03,96
ICICI Pru MF,2022Q3,5.33,61
ICICI Pru MF,2022Q4,5.56,86
ICICI Pru MF,2023Q1,5.93,287
ICICI Pru MF,2023Q2,7.33,93
ICICI Pru MF,2023Q3,7.18,71
ICICI Pru MF,2023Q4,7.92,188
ICICI Pru MF,2024Q1,7.95,136
ICICI Pru MF,2024Q2,8.35,104
ICICI Pru MF,2024Q3,8.84,286
ICICI Pru MF,2024Q4,9.3,59
ICICI Pru MF,2025Q1,9.29,219
ICICI Pru MF,2025Q2,9.87,265
ICICI Pru MF,2025Q3,10.41,166
ICICI Pru MF,2025Q4,10.32,287
HDFC MF,2022Q1,4.21,272
HDFC MF,2022Q2,4.53,284
HDFC MF,2022Q3,5.05,272
HDFC MF,2022Q4,5.03,229
HDFC MF,2023Q1,5.4,188
HDFC MF,2023Q2,5.85,57
HDFC MF,2023Q3,6.18,292
HDFC MF,2023Q4,6.75,137
HDFC MF,2024Q1,6.94,264
HDFC MF,2024Q2,7.38,273
HDFC MF,2024Q3,7.86,102
HDFC MF,2024Q4,7.79,192
HDFC MF,2025Q1,8.55,77
HDFC MF,2025Q2,8.62,261
HDFC MF,2025Q3,8.53,191
HDFC MF,2025Q4,9.34,139
Nippon India MF,2022Q1,2.6,218
Nippon India MF,2022Q2,2.77,106
Nippon India MF,2022Q3,3.06,102
Nippon India MF,2022Q4,3.35,215
Nippon India MF,2023Q1,3.61,50
Nippon India MF,2023Q2,3.6,109
Nippon India MF,2023Q3,4.0,271
Nippon India MF,2023Q4,4.22,125
Nippon India MF,2024Q1,4.65,95
Nippon India MF,2024Q2,4.69,53
Nippon India MF,2024Q3,4.95,64
Nippon India MF,2024Q4,5.18,130
Nippon India MF,2025Q1,5.09,165
Nippon India MF,2025Q2,5.29,61
Nippon India MF,2025Q3,5.7,50
Nippon India MF,2025Q4,5.76,126
Kotak MF,2022Q1,2.08,246
Kotak MF,2022Q2,2.38,171
Kotak MF,2022Q3,2.58,144
Kotak MF,2022Q4,2.91,176
Kotak MF,2023Q1,2.97,298
Kotak MF,2023Q2,3.13,299
Kotak MF,2023Q3,3.26,71
Kotak MF,2023Q4,3.51,103
Kotak MF,2024Q1,3.62,282
Kotak MF,2024Q2,3.71,174
Kotak MF,2024Q3,4.11,107
Kotak MF,2024Q4,4.13,256
Kotak MF,2025Q1,4.32,286
Kotak MF,2025Q2,4.4,230
Kotak MF,2025Q3,4.76,148
Kotak MF,2025Q4,5.07,68
Axis MF,2022Q1,1.47,118
Axis MF,2022Q2,1.57,62
Axis MF,2022Q3,1.64,59
Axis MF,2022Q4,1.76,297
Axis MF,2023Q1,1.93,108
Axis MF,2023Q2,1.91,51
Axis MF,2023Q3,2.06,257
Axis MF,2023Q4,2.2,229
Axis MF,2024Q1,2.35,178
Axis MF,2024Q2,2.47,247
Axis MF,2024Q3,2.45,103
Axis MF,2024Q4,2.65,68
Axis MF,2025Q1,2.88,146
Axis MF,2025Q2,3.0,77
Axis MF,2025Q3,3.14,182
Axis MF,2025Q4,3.23,125
Mirae Asset MF,2022Q1,0.8,79
Mirae Asset MF,2022Q2,0.91,67
Mirae Asset MF,2022Q3,0.99,240
Mirae Asset MF,2022Q4,1.05,238
Mirae Asset MF,2023Q1,1.14,234
Mirae Asset MF,2023Q2,1.17,199
Mirae Asset MF,2023Q3,1.23,266
Mirae Asset MF,2023Q4,1.31,137
Mirae Asset MF,2024Q1,1.41,144
Mirae Asset MF,2024Q2,1.47,226
Mirae Asset MF,2024Q3,1.51,67
Mirae Asset MF,2024Q4,1.62,275
Mirae Asset MF,2025Q1,1.72,110
Mirae Asset MF,2025Q2,1.81,131
Mirae Asset MF,2025Q3,1.88,127
Mirae Asset MF,2025Q4,1.97,245
PPFAS MF,2022Q1,0.42,52
PPFAS MF,2022Q2,0.45,63
PPFAS MF,2022Q3,0.51,280
PPFAS MF,2022Q4,0.49,184
PPFAS MF,2023Q1,0.56,194
PPFAS MF,2023Q2,0.56,247
PPFAS MF,2023Q3,0.58,288
PPFAS MF,2023Q4,0.65,132
PPFAS MF,2024Q1,0.66,256
PPFAS MF,2024Q2,0.69,216
PPFAS MF,2024Q3,0.72,182
PPFAS MF,2024Q4,0.78,128
PPFAS MF,2025Q1,0.84,101
PPFAS MF,2025Q2,0.83,158
PPFAS MF,2025Q3,0.91,75
PPFAS MF,2025Q4,0.91,216
DSP MF,2022Q1,0.6,270
DSP MF,2022Q2,0.67,290
DSP MF,2022Q3,0.74,221
DSP MF,2022Q4,0.77,286
DSP MF,2023Q1,0.86,294
DSP MF,2023Q2,0.88,254
DSP MF,2023Q3,0.92,281
DSP MF,2023Q4,0.96,280
DSP MF,2024Q1,1.04,206
DSP MF,2024Q2,1.1,139
DSP MF,2024Q3,1.17,85
DSP MF,2024Q4,1.18,148
DSP MF,2025Q1,1.26,162
DSP MF,2025Q2,1.34,225
DSP MF,2025Q3,1.38,196
DSP MF,2025Q4,1.39,240
UTI MF,2022Q1,1.0,107
UTI MF,2022Q2,1.03,208
UTI MF,2022Q3,1.11,199
UTI MF,2022Q4,1.16,204
UTI MF,2023Q1,1.23,167
UTI MF,2023Q2,1.35,134
UTI MF,2023Q3,1.35,133
UTI MF,2023Q4,1.51,275
UTI MF,2024Q1,1.56,136
UTI MF,2024Q2,1.67,285
UTI MF,2024Q3,1.74,65
UTI MF,2024Q4,1.74,55
UTI MF,2025Q1,1.9,257
UTI MF,2025Q2,2.01,56
UTI MF,2025Q3,2.06,63
UTI MF,2025Q4,2.06,52
